﻿{"cameraMode":{"drawMode":0,"name":"Shaded","section":"Shading Mode"},"sceneLighting":false,"audioPlay":false,"sceneViewState":{"showFog":true,"showMaterialUpdate":false,"showSkybox":false,"showFlares":true,"showImageEffects":true,"showParticleSystems":true},"in2DMode":false,"pivot":{"x":-3.573213577270508,"y":7.628472328186035,"z":-48.54297637939453},"rotation":{"x":-0.09536797553300858,"y":0.2504793107509613,"z":0.024772070348262788,"w":0.9631215929985046},"size":31.5913028717041,"orthographic":false}