﻿{"cameraMode":{"drawMode":0,"name":"Shaded","section":"Shading Mode"},"sceneLighting":true,"audioPlay":false,"sceneViewState":{"showFog":true,"showMaterialUpdate":false,"showSkybox":true,"showFlares":true,"showImageEffects":true,"showParticleSystems":true},"in2DMode":false,"pivot":{"x":-1.7408719062805176,"y":15.900712013244629,"z":25.619861602783204},"rotation":{"x":-0.0006944671040400863,"y":0.9969152808189392,"z":0.008663417771458626,"w":0.07847443222999573},"size":1.8544235229492188,"orthographic":false}